<?xml version="1.0"?>
<pagescount>
	<html_total>2</html_total>
	<html_done>2</html_done>
	<images>4</images>
	<script>4</script>
	<css>1</css>
	<pdf/>
	<documents/>
	<excel/>
	<powerpoint/>
	<flash/>
	<audios/>
	<videos/>
	<xml/>
	<json/>
	<txt/>
	<autocad/>
	<fonts/>
	<scraping_reload>1</scraping_reload>
	<is_pretty_url>false</is_pretty_url>
	<is_ebn>false</is_ebn>
	<email>namastekohei75@gmail.com</email>
	<theme_name>WmdTheme607325</theme_name>
	<server_url_front_page>https://www6.waybackmachinedownloader.com/wdo/files/demo/ayaanmcpe.neocities.org_namastekohei75_gmail.com_duocsrlkuy/</server_url_front_page>
	<no_www_url>ayaanmcpe.neocities.org</no_www_url>
	<hosted_domain/>
	<original_archive_url>https://ayaanmcpe.neocities.org</original_archive_url>
	<final_archive_url>https://ayaanmcpe.neocities.org/</final_archive_url>
	<front_page_code_date/>
	<total_urls_from_api/>
	<max_reached_live>false</max_reached_live>
	<scrape_other_captures>false</scrape_other_captures>
	<total_size>300</total_size>
</pagescount>
